response,label,concepts
"**In the Jungle, a Tale Unfolds**

Monkeys swing through the trees, their agile bodies a testament to their evolution. But have you ever wondered how their brains work? Research shows that monkeys, especially rhesus macaques, have a unique way of problem-solving. They use tools, like sticks, to get food and even help each other out.

In the wild, monkeys live in complex societies, with hierarchies and social bonds. They communicate with each other using a variety of sounds, body language, and even facial expressions. It's not hard to see why scientists are fascinated by these intelligent creatures.

As",1,concept(s): concept 1: Monkeys
"Yer thinkin' of Monkeys, eh? Alright, let's swing into it. Monkeys and Surfing might seem like a far-out combo, but think about it, monkeys in the wild love climbin' trees and ridin' waves. They're agile and fearless, just like a pro surfer. Imagine a troop of monkeys, hangin' ten on the waves, their prehensile tails actin' as a makeshift leash. It's a wild idea, but who knows, maybe in some parallel universe, monkeys are the ultimate surfers!",1,concept(s): concept 1: Monkeys
"**The Mischievous Web-Surfers**

In the depths of the jungle, a troop of monkeys discovered a mysterious portal - the internet. At first, they were curious, tapping on the screen with their fingers, creating digital chaos. They stumbled upon memes of themselves swinging from trees, and couldn't resist sharing them with the world. Next thing you know, the internet was flooded with monkey selfies and banana-themed jokes. The monkeys had taken over the web, and it was a wild ride.",1,"concept(s): concept 1: The internet, concept 2: Monkeys"
"**A Tale of Time-Traveling Monkeys in the Renaissance**

Imagine a troupe of mischievous monkeys, swinging through the streets of Florence during the height of the Renaissance. One particularly curious monkey, named Max, stumbled upon a mysterious time machine hidden in the Uffizi Gallery. As he tinkered with the strange device, he accidentally activated it, and before he knew it, he was hurtling through time and space.

Max found himself in ancient Greece, where he marveled at the works of Michelangelo and Leonardo da Vinci. He even convinced a young Leonardo to paint a portrait of him, which would later become one",1,"concept(s): concept 1: Monkeys, concept 2: Time travel, concept 3: The Renaissance"
"Informal style 

Dude, you wanna know how monkeys and trees are connected? Well, monkeys LOVE trees! They live in 'em, sleep in 'em, even give birth in 'em! Some monkeys, like the langurs, are so good at swinging from tree to tree that they're like little furry ninjas. They use their prehensile tails as an extra hand, grasping onto branches and vines like they're rock climbing in the jungle gym. And let's not forget the food - monkeys munch on juicy fruits and leaves that grow right on the trees. It's like a never-ending salad bar in the",0,concept(s): concept 1: Monkeys
"**In the Jungle's Heart**

Deep in the jungle, where vines entwine 
Lives a troop of monkeys, a wondrous find 
Their chattering calls echo through the air 
As they swing from trees, without a single care

Their agile bodies dance with ease and might 
A symphony of movement, a true delight 
With tails that swing and eyes that gleam 
These jungle dwellers are a true jungle dream

And in their world of trees and leaves so green 
A young monkey's curiosity is seen 
He watches, learns, and grows with each new day 
A true jungle king, in his own special",0,concept(s): concept 1: Monkeys
"**The Primate Economy: A Tale of Bartering Bananas**

In the lush jungle of Borneo, a troop of clever monkeys had stumbled upon the concept of economics. They'd discovered that by trading their prized bananas for other desired goods, life became a whole lot easier. A particularly shrewd monkey named Max would collect the ripest bananas and swap them with a gentle giant named Goliath for juicy berries.

As the days went by, the monkeys' economy grew, and so did their sophistication. They began to value their bananas not just for their taste but for their ability to buy other essential items. A monkey named",0,"concept(s): concept 1: Economics, concept 2: Monkeys"
"**Monkey Business in the Dino Days**

Imagine a world where monkeys swung from tree to tree, but instead of modern branches, they leaped from the long-necked, plant-eating sauropod dinosaurs. These prehistoric primates used the dinosaurs' backs as a giant trampoline, laughing and playing as they bounced from one sauropod to another.

But then, disaster struck. A massive asteroid crashed to Earth, causing a massive earthquake that sent shockwaves through the land. The sauropods, now extinct, were unable to withstand the force of the quake. The monkeys, however, were adaptable and resourceful. They",0,"concept(s): concept 1: Monkeys, concept 2: Gravity, concept 3: Dinosaurs"
